,Control de Vacantes,,,,,,,Vacantes Activas,7,,,,,,,,,,,,,,
,,,,,,,,,46287,,,,,,,,,,,,,,
,ID Vacante,Cargo,Unidad de Negocio,Fecha Apertura,Mes,Año,Fecha Ingreso,Estatus,Fuente de Reclutamiento,,,,,,,,,,,,,,
,VAC-001,Ayudante Integral,BU1BLT,46210.0,July,2026.0,46221.0,Cubierta,,,,,,,,,,,,,,,
,VAC-002,Ayudante Integral,BU2BLB,46210.0,July,2026.0,46213.0,Cubierta,,,,,,,,,,,,,,,
,VAC-022,Ayudante Integral,BU1BLT,46217.0,July,2026.0,46220.0,Cubierta,,,,,,,,,,,,,,,
,VAC-016,Mantenimiento,BU1BLT,46210.0,July,2026.0,46220.0,Cubierta,,,,,,,,,,,,,,,
,VAC-003,Ayudante Integral,BU3BLN,46210.0,July,2026.0,46220.0,Cubierta,,,,,,,,,,,,,,,
,VAC-004,Ayudante Integral,BU4BAV,46210.0,July,2026.0,46214.0,Cubierta,,,,,,,,,,,,,,,
,VAC-005,Ayudante Integral,BU4BAV,46210.0,July,2026.0,46213.0,Cubierta,,,,,,,,,,,,,,,
,VAC-006,Ayudante Integral,BU16BER,46210.0,July,2026.0,46213.0,Cubierta,,,,,,,,,,,,,,,
,VAC-008,Cocinero,BU4BAV,46210.0,July,2026.0,46213.0,Cubierta,,,,,,,,,,,,,,,
,VAC-010,Sushero,BU4BAV,46210.0,July,2026.0,46210.0,Cubierta,,,,,,,,,,,,,,,
,VAC-011,Sushero,BU4BAV,46210.0,July,2026.0,46210.0,Cubierta,,,,,,,,,,,,,,,
,VAC-013,Sushero,BU6BSLC,46210.0,July,2026.0,46213.0,Cubierta,,,,,,,,,,,,,,,
,VAC-014,Sushero,BU16BER,46210.0,July,2026.0,46217.0,Cubierta,,,,,,,,,,,,,,,
,VAC-015,Sushero,BU16BER,46210.0,July,2026.0,46217.0,Cubierta,,,,,,,,,,,,,,,
,VAC-017,Mantenimiento,BU3BLN,46225.0,July,2026.0,46213.0,Cubierta,,,,,,,,,,,,,,,
,VAC-018,Mantenimiento,BU4BAV,46210.0,July,2026.0,46211.0,Cubierta,,,,,,,,,,,,,,,
,VAC-019,Mantenimiento,BU14BSC,46210.0,July,2026.0,46226.0,Cubierta,,,,,,,,,,,,,,,
,VAC-021,Sushero,BU14BSC,46217.0,July,2026.0,46221.0,Cubierta,,,,,,,,,,,,,,,
,VAC-020,Mantenimiento,BU13LG,46210.0,July,2026.0,46221.0,Cubierta,,,,,,,,,,,,,,,
,VAC-023,Mantenimiento,BU1BLT,46223.0,July,2026.0,46220.0,Cubierta,,,,,,,,,,,,,,,
,VAC-024,Mantenimiento,BU1BLT,46223.0,July,2026.0,46238.0,Cubierta,,,,,,,,,,,,,,,
,VAC-025,Mantenimiento,BU3BLN,46223.0,July,2026.0,46227.0,Cubierta,,,,,,,,,,,,,,,
,VAC-026,Sushero,BU4BAV,46223.0,July,2026.0,46233.0,Cubierta,,,,,,,,,,,,,,,
,VAC-027,Ayudante Integral,BU4BAV,46223.0,July,2026.0,46225.0,Cubierta,,,,,,,,,,,,,,,
,VAC-028,Mantenimiento,BU4BAV,46223.0,July,2026.0,46226.0,Cubierta,,,,,,,,,,,,,,,
,VAC-029,Mantenimiento,BU15BEP,46219.0,July,2026.0,46226.0,Cubierta,,,,,,,,,,,,,,,
,VAC-030,Cajera Delivery,BU16BER,46223.0,July,2026.0,46226.0,Cubierta,,,,,,,,,,,,,,,
,VAC-031,Mantenimiento,BU19BM,46223.0,July,2026.0,46228.0,Cubierta,,,,,,,,,,,,,,,
,VAC-032,Ayudante Integral,BU17ANNER,46224.0,July,2026.0,46225.0,Cubierta,,,,,,,,,,,,,,,
,VAC-033,Analista en Tesoreria,Slob Services,46218.0,July,2026.0,46237.0,Cubierta,CV Físico,,,,,,,,,,,,,,
,VAC-034,Anfitriona,BU4BAV,46226.0,July,2026.0,46227.0,Cubierta,,,,,,,,,,,,,,,
,VAC-035,Empaquetadora,BU11ANN,46226.0,July,2026.0,46227.0,Cubierta,,,,,,,,,,,,,,,
,VAC-036,Sushero,BU6BSLC,46219.0,July,2026.0,46247.0,Cubierta,,,,,,,,,,,,,,,
,VAC-037,Mesonero,BU3BLN,46227.0,July,2026.0,46232.0,Cubierta,,,,,,,,,,,,,,,
,VAC-038,Empaquetadora,BU19BM,46230.0,July,2026.0,46233.0,Cubierta,Referido,,,,,,,,,,,,,,
,VAC-039,Ayudante Integral,BU15BEP,46230.0,July,2026.0,46232.0,Cubierta,,,,,,,,,,,,,,,
,VAC-040,Cajera Salón,BU13LG,46230.0,July,2026.0,46235.0,Cubierta,,,,,,,,,,,,,,,
,VAC-041,Empaquetadora,BU3BLN,46230.0,July,2026.0,46233.0,Cubierta,,,,,,,,,,,,,,,
,VAC-042,Operadora de Trafico,Cecom Master Group,46230.0,July,2026.0,46241.0,Cubierta,,,,,,,,,,,,,,,
,VAC-043,Operadora de Trafico,Cecom Master Group,46230.0,July,2026.0,46241.0,Cubierta,,,,,,,,,,,,,,,
,VAC-044,Mesonero,BU2BLB,46231.0,July,2026.0,46247.0,Cubierta,,,,,,,,,,,,,,,
,VAC-045,Mantenimiento,BU15BEP,46220.0,July,2026.0,46233.0,Cubierta,,,,,,,,,,,,,,,
,VAC-046,Mantenimiento,BU11ANN,46230.0,July,2026.0,46233.0,Cubierta,,,,,,,,,,,,,,,
,VAC-047,Empaquetadora,BU4BAV,46232.0,July,2026.0,46234.0,Cubierta,,,,,,,,,,,,,,,
,VAC-048,Ayudante de Mesonero,BU4BAV,46232.0,July,2026.0,46234.0,Cubierta,,,,,,,,,,,,,,,
,VAC-049,Mantenimiento,BU16BER,46232.0,July,2026.0,46255.0,Cubierta,,,,,,,,,,,,,,,
,VAC-050,Ayudante Integral,BU3BLN,46233.0,July,2026.0,46234.0,Cubierta,,,,,,,,,,,,,,,
,VAC-051,Ayudante Integral,BU4BAV,46233.0,July,2026.0,46235.0,Cubierta,,,,,,,,,,,,,,,
,VAC-052,Ayudante Integral,BU19BM,46233.0,July,2026.0,46234.0,Cubierta,,,,,,,,,,,,,,,
,VAC-053,Ayudante Integral,BU4BAV,46234.0,July,2026.0,46240.0,Cubierta,,,,,,,,,,,,,,,
,VAC-054,Mantenimiento,BU11ANN,46234.0,July,2026.0,46238.0,Cubierta,,,,,,,,,,,,,,,
,VAC-055,Anfitriona,BU6BSLC,46237.0,August,2026.0,46240.0,Cubierta,,,,,,,,,,,,,,,
,VAC-056,Ayudante de Mesonero,BU4BAV,46237.0,August,2026.0,46240.0,Cubierta,,,,,,,,,,,,,,,
,VAC-058,Empaquetadora,BU16BER,46237.0,August,2026.0,46238.0,Cubierta,,,,,,,,,,,,,,,
,VAC-059,Mantenimiento,BU11ANN,46237.0,August,2026.0,46238.0,Cubierta,,,,,,,,,,,,,,,
,VAC-060,Cocinero,BU4BAV,46237.0,August,2026.0,46239.0,Cubierta,,,,,,,,,,,,,,,
,VAC-061,Empaquetadora,BU15BEP,46237.0,August,2026.0,46238.0,Cubierta,,,,,,,,,,,,,,,
,VAC-062,Almacenista,Slob Supply,46237.0,August,2026.0,46248.0,Cubierta,,,,,,,,,,,,,,,
,VAC-063,Mantenimiento,BU13LG,46238.0,August,2026.0,46242.0,Cubierta,Referido,,,,,,,,,,,,,,
,VAC-064,Mantenimiento,BU11ANN,46239.0,August,2026.0,46241.0,Cubierta,,,,,,,,,,,,,,,
,VAC-065,Sushero,BU15BEP,46238.0,August,2026.0,46240.0,Cubierta,,,,,,,,,,,,,,,
,VAC-065,Cocinero,BU4BAV,46240.0,August,2026.0,46258.0,Cubierta,,,,,,,,,,,,,,,
,VAC-066,Sushero,BU1BLT,46240.0,August,2026.0,46248.0,Cubierta,,,,,,,,,,,,,,,
,VAC-067,Ayudante Integral,BU17ANNER,46244.0,August,2026.0,46246.0,Cubierta,,,,,,,,,,,,,,,
,VAC-067,Ayudante Integral,BU17ANNER,46244.0,August,2026.0,46248.0,Cubierta,,,,,,,,,,,,,,,
,VAC-066,Mantenimiento,BU1BLT,46247.0,August,2026.0,46261.0,Cubierta,CV Físico,,,,,,,,,,,,,,
,VAC-070,Empaquetadora,BU19BM,46248.0,August,2026.0,46249.0,Cubierta,,,,,,,,,,,,,,,
,VAC-071,Ayudante de Mesonero,BU4BAV,46251.0,August,2026.0,46259.0,Cubierta,,,,,,,,,,,,,,,
,VAC-072,Cocinero,BU4BAV,46251.0,August,2026.0,46254.0,Cubierta,,,,,,,,,,,,,,,
,VAC-073,Empaquetadora,BU2BLB,46251.0,August,2026.0,46253.0,Cubierta,,,,,,,,,,,,,,,
,VAC-074,Empaquetadora,BU19BM,46252.0,August,2026.0,46254.0,Cubierta,,,,,,,,,,,,,,,
,VAC-075,Empaquetadora,BU1BLT,46252.0,August,2026.0,46252.0,Cubierta,,,,,,,,,,,,,,,
,VAC-075,Cajera Salón,BU4BAV,46253.0,August,2026.0,46259.0,Cubierta,,,,,,,,,,,,,,,
,VAC-076,Mantenimiento,BU14BSC,46253.0,August,2026.0,46255.0,Cubierta,,,,,,,,,,,,,,,
,VAC-073,Sushero,BU14BSC,46255.0,August,2026.0,46255.0,Cubierta,,,,,,,,,,,,,,,
,VAC-073,Almacenista,Slob Supply,46255.0,August,2026.0,,En Proceso,,,,,,,,,,,,,,,
,VAC-074,Empaquetadora,BU1BLT,46258.0,August,2026.0,46261.0,Cubierta,,,,,,,,,,,,,,,
,VAC-075,Ayudante Integral,BU4BAV,46258.0,August,2026.0,46262.0,Cubierta,,,,,,,,,,,,,,,
,VAC-077,Cocinero,BU4BAV,46258.0,August,2026.0,46268.0,Cubierta,,,,,,,,,,,,,,,
,VAC-078,Mantenimiento,BU4BAV,46258.0,August,2026.0,46265.0,Cubierta,,,,,,,,,,,,,,,
,VAC-079,Ayudante de Mesonero,BU4BAV,46258.0,August,2026.0,46261.0,Cubierta,,,,,,,,,,,,,,,
,VAC-080,Cajera Salón,BU4BAV,46258.0,August,2026.0,46261.0,Cubierta,,,,,,,,,,,,,,,
,VAC-083,Mantenimiento,BU19BM,46262.0,August,2026.0,46272.0,Cubierta,,,,,,,,,,,,,,,
,VAC-085,Cocinero,BU19BM,46262.0,August,2026.0,46268.0,Cubierta,,,,,,,,,,,,,,,
,VAC-086,Ayudante Integral,BU16BER,46265.0,August,2026.0,46235.0,Cubierta,,,,,,,,,,,,,,,
,VAC-086,Ayudante Integral,BU16BER,,,,46268.0,Cubierta,,,,,,,,,,,,,,,
,VAC-084,Empaquetadora,BU5BSB,46268.0,September,2026.0,46273.0,Cubierta,,,,,,,,,,,,,,,
,VAC-085,Cajera Salón,BU1BLT,46269.0,September,2026.0,46272.0,Cubierta,,,,,,,,,,,,,,,
,VAC-086,Ayudante Integral,BU6BSLC,46269.0,September,2026.0,46270.0,Cubierta,,,,,,,,,,,,,,,
,VAC-087,Anfitriona,BU6BSLC,46272.0,September,2026.0,46282.0,Cubierta,,,,,,,,,,,,,,,
,VAC-088,Empaquetadora,BU15BEP,46272.0,September,2026.0,46276.0,Cubierta,,,,,,,,,,,,,,,
,VAC-089,Ayudante Integral,BU11ANN,46272.0,September,2026.0,46275.0,Cubierta,,,,,,,,,,,,,,,
,VAC-090,Mantenimiento,BU19BM,46273.0,September,2026.0,46275.0,Cubierta,,,,,,,,,,,,,,,
,VAC-091,Cajera Salón,BU1BLT,46273.0,September,2026.0,46280.0,Cubierta,,,,,,,,,,,,,,,
,VAC-093,Mantenimiento,BU16BER,46274.0,September,2026.0,46275.0,Cubierta,,,,,,,,,,,,,,,
,VAC-094,Ayudante de Mesonero,BU4BAV,46279.0,September,2026.0,46282.0,Cubierta,,,,,,,,,,,,,,,
,VAC-095,Ayudante de Mesonero,BU4BAV,46279.0,September,2026.0,46282.0,Cubierta,,,,,,,,,,,,,,,
,VAC-097,Mesonero,BU2BLB,46279.0,September,2026.0,46281.0,Cubierta,,,,,,,,,,,,,,,
,VAC-098,Mesonero,BU2BLB,46279.0,September,2026.0,,En Proceso,,,,,,,,,,,,,,,
,VAC-100,Mantenimiento,BU17ANNER,46279.0,September,2026.0,46280.0,Cubierta,,,,,,,,,,,,,,,
,VAC-101,Anfitriona,BU14BSC,46279.0,September,2026.0,,En Proceso,,,,,,,,,,,,,,,
,VAC-102,Empaquetadora,BU14BSC,46279.0,September,2026.0,46284.0,Cubierta,,,,,,,,,,,,,,,
,VAC-103,Cajera Salón,BU1BLT,46279.0,September,2026.0,46280.0,Cubierta,,,,,,,,,,,,,,,
,VAC-103,Mantenimiento,BU16BER,46281.0,September,2026.0,46282.0,Cubierta,,,,,,,,,,,,,,,
,VAC-104,Cajera Salón,BU16BER,46281.0,September,2026.0,46282.0,Cubierta,,,,,,,,,,,,,,,
,VAC-105,Ayudante Integral,BU1BLT,46281.0,September,2026.0,,En Proceso,,,,,,,,,,,,,,,
,VAC-107,Empaquetadora,BU14BSC,46281.0,September,2026.0,46288.0,Cubierta,,,,,,,,,,,,,,,
,VAC-106,Ayudante Integral,BU4BAV,46281.0,September,2026.0,46283.0,Cubierta,,,,,,,,,,,,,,,
,VAC-107,Ayudante Integral,BU4BAV,46281.0,September,2026.0,46283.0,Cubierta,,,,,,,,,,,,,,,
,VAC-107,Mantenimiento,BU4BAV,46281.0,September,2026.0,46283.0,Cubierta,,,,,,,,,,,,,,,
,VAC-107,Mantenimiento,BU4BAV,46281.0,September,2026.0,,En Proceso,,,,,,,,,,,,,,,
,VAC-108,Sushero,BU1BLT,46281.0,September,2026.0,46287.0,Cubierta,,,,,,,,,,,,,,,
,VAC-109,Empaquetadora,BU5BSB,46286.0,September,2026.0,,En Proceso,,,,,,,,,,,,,,,
,VAC-109,Ayudante Integral,BU6BSLC,46286.0,September,2026.0,,En Proceso,,,,,,,,,,,,,,,
